Ticker,Company,Sector,# Employees
WMT,Walmart Inc.,Retail Trade,"        2,300,000"
AMZN,"Amazon.com, Inc.",Retail Trade,"        1,298,000"
ACN,Accenture plc,Technology Services,"           624,000"
UPS,"United Parcel Service, Inc.",Transportation,"           543,000"
HD,"Home Depot, Inc. (The)",Retail Trade,"           504,800"
KR,Kroger Company (The),Retail Trade,"           465,000"
TGT,Target Corporation,Retail Trade,"           409,000"
SBUX,Starbucks Corporation,Consumer Services,"           383,000"
IBM,International Business Machines Corporation,Technology Services,"           375,300"
BRK.B,Berkshire Hathaway Inc. New,Finance,"           360,000"
LOW,"Lowe’s Companies, Inc.",Retail Trade,"           340,000"
UNH,UnitedHealth Group Incorporated,Health Services,"           330,000"
TJX,"TJX Companies, Inc. (The)",Retail Trade,"           320,000"
WBA,"Walgreens Boots Alliance, Inc.",Retail Trade,"           315,000"
CVS,CVS Health Corporation,Retail Trade,"           300,000"
PEP,"PepsiCo, Inc.",Consumer Non-Durables,"           291,000"
CTSH,Cognizant Technology Solutions Corporation,Technology Services,"           289,500"
FDX,FedEx Corporation,Transportation,"           289,000"
COST,Costco Wholesale Corporation,Retail Trade,"           288,000"
HCA,"HCA Healthcare, Inc.",Health Services,"           275,000"
WFC,Wells Fargo & Company,Finance,"           268,531"
JPM,JP Morgan Chase & Co.,Finance,"           255,351"
T,AT&T Inc.,Communications,"           230,000"
BAC,Bank of America Corporation,Finance,"           213,000"
C,"Citigroup, Inc.",Finance,"           210,000"
MCD,McDonald’s Corporation,Consumer Services,"           200,000"
DLTR,"Dollar Tree, Inc.",Retail Trade,"           199,327"
DIS,Walt Disney Company (The),Consumer Services,"           190,000"
F,Ford Motor Company,Consumer Durables,"           186,000"
MSFT,Microsoft Corporation,Technology Services,"           181,000"
RTX,Raytheon Technologies Corporation,Electronic Technology,"           181,000"
GE,General Electric Company,Producer Manufacturing,"           174,000"
CMCSA,Comcast Corporation,Consumer Services,"           168,000"
RHI,Robert Half International Inc.,Commercial Services,"           163,500"
DG,Dollar General Corporation,Retail Trade,"           158,000"
DRI,"Darden Restaurants, Inc.",Consumer Services,"           156,883"
GM,General Motors Company,Consumer Durables,"           155,000"
AAPL,Apple Inc.,Electronic Technology,"           154,000"
APTV,Aptiv PLC,Producer Manufacturing,"           151,000"
BA,Boeing Company (The),Electronic Technology,"           141,000"
HLT,Hilton Worldwide Holdings Inc.,Consumer Services,"           141,000"
TSN,"Tyson Foods, Inc.",Consumer Non-Durables,"           137,000"
GOOG,Alphabet Inc.,Technology Services,"           135,301"
GOOGL,Alphabet Inc.,Technology Services,"           135,301"
JNJ,Johnson & Johnson,Health Technology,"           134,500"
DXC,DXC Technology Company,Technology Services,"           134,000"
VZ,Verizon Communications Inc.,Communications,"           132,200"
ORCL,Oracle Corporation,Technology Services,"           132,000"
MAR,Marriott International,Consumer Services,"           121,000"
GPS,"Gap, Inc. (The)",Retail Trade,"           117,000"
LMT,Lockheed Martin Corporation,Electronic Technology,"           114,000"
INTC,Intel Corporation,Electronic Technology,"           110,600"
ABT,Abbott Laboratories,Health Technology,"           109,000"
HON,Honeywell International Inc.,Producer Manufacturing,"           103,000"
AAL,"American Airlines Group, Inc.",Transportation,"           102,700"
BBY,"Best Buy Co., Inc.",Retail Trade,"           102,000"
JCI,Johnson Controls International plc,Producer Manufacturing,"           101,000"
PG,Procter & Gamble Company (The),Consumer Non-Durables,"           101,000"
GD,General Dynamics Corporation,Electronic Technology,"           100,700"
AZO,"AutoZone, Inc.",Retail Trade,"           100,000"
CBRE,CBRE Group Inc,Finance,"           100,000"
CAT,"Caterpillar, Inc.",Producer Manufacturing,"              97,300"
NOC,Northrop Grumman Corporation,Electronic Technology,"              97,000"
CHTR,"Charter Communications, Inc.",Consumer Services,"              96,100"
MMM,3M Company,Producer Manufacturing,"              94,987"
ROST,"Ross Stores, Inc.",Retail Trade,"              93,700"
BBWI,"Bath & Body Works, Inc.",Retail Trade,"              92,300"
ETN,"Eaton Corporation, PLC",Producer Manufacturing,"              91,987"
MDT,Medtronic plc.,Health Technology,"              90,000"
TEL,TE Connectivity Ltd. New Switzerland Registered Shares,Electronic Technology,"              89,000"
UHS,"Universal Health Services, Inc.",Health Services,"              89,000"
CMG,"Chipotle Mexican Grill, Inc.",Consumer Services,"              88,000"
EMR,Emerson Electric Company,Producer Manufacturing,"              86,700"
SLB,Schlumberger N.V.,Industrial Services,"              86,000"
RCL,D/B/A Royal Caribbean Cruises Ltd.,Consumer Services,"              85,000"
ANTM,"Anthem, Inc.",Health Services,"              83,400"
KO,Coca-Cola Company (The),Consumer Non-Durables,"              80,300"
APH,Amphenol Corporation,Electronic Technology,"              80,000"
TMO,Thermo Fisher Scientific Inc,Health Technology,"              80,000"
CSCO,"Cisco Systems, Inc.",Technology Services,"              79,500"
MDLZ,"Mondelez International, Inc.",Consumer Non-Durables,"              79,000"
PFE,"Pfizer, Inc.",Health Technology,"              78,500"
WHR,Whirlpool Corporation,Consumer Durables,"              78,000"
ORLY,"O’Reilly Automotive, Inc.",Retail Trade,"              77,827"
MMC,"Marsh & McLennan Companies, Inc.",Finance,"              76,000"
MCK,McKesson Corporation,Distribution Services,"              76,000"
DE,Deere & Company,Producer Manufacturing,"              75,600"
BDX,"Becton, Dickinson and Company",Health Technology,"              75,000"
TMUS,"T-Mobile US, Inc.",Communications,"              75,000"
UAL,"United Airlines Holdings, Inc.",Transportation,"              74,400"
LIN,Linde plc,Process Industries,"              74,207"
DAL,"Delta Air Lines, Inc.",Transportation,"              74,000"
MRK,"Merck & Company, Inc.",Health Technology,"              74,000"
CI,Cigna Corporation,Health Services,"              73,700"
NKE,"Nike, Inc.",Consumer Non-Durables,"              73,300"
LH,Laboratory Corporation of America Holdings,Health Services,"              72,400"
XOM,Exxon Mobil Corporation,Energy Minerals,"              72,000"
CNC,Centene Corporation,Health Services,"              71,300"
PM,Philip Morris International Inc,Consumer Non-Durables,"              71,000"
TSLA,"Tesla, Inc.",Consumer Durables,"              70,757"
IQV,"IQVIA Holdings, Inc.",Health Services,"              70,000"
DHR,Danaher Corporation,Health Technology,"              69,000"
OTIS,Otis Worldwide Corporation,Producer Manufacturing,"              69,000"
USB,U.S. Bancorp,Finance,"              68,108"
AAP,Advance Auto Parts Inc.,Retail Trade,"              68,000"
MS,Morgan Stanley,Finance,"              68,000"
DVA,DaVita Inc.,Health Services,"              67,000"
WDC,Western Digital Corporation,Electronic Technology,"              65,600"
OMC,Omnicom Group Inc.,Commercial Services,"              64,100"
AXP,American Express Company,Finance,"              63,700"
EL,"Estee Lauder Companies, Inc. (The)",Consumer Non-Durables,"              62,000"
FIS,"Fidelity National Information Services, Inc.",Technology Services,"              62,000"
SHW,Sherwin-Williams Company (The),Process Industries,"              61,031"
HPE,Hewlett Packard Enterprise Company,Electronic Technology,"              60,400"
FB,"Meta Platforms, Inc.",Technology Services,"              58,604"
SYY,Sysco Corporation,Distribution Services,"              58,000"
MPC,Marathon Petroleum Corporation,Energy Minerals,"              57,900"
CMI,Cummins Inc.,Producer Manufacturing,"              57,825"
CRM,Salesforce.com Inc,Technology Services,"              56,606"
LUV,Southwest Airlines Company,Transportation,"              56,500"
ADP,"Automatic Data Processing, Inc.",Technology Services,"              56,000"
CARR,Carrier Global Corporation,Producer Manufacturing,"              56,000"
BKR,Baker Hughes Company,Industrial Services,"              55,000"
J,Jacobs Engineering Group Inc.,Industrial Services,"              55,000"
PH,Parker-Hannifin Corporation,Producer Manufacturing,"              54,640"
SWK,"Stanley Black & Decker, Inc.",Consumer Durables,"              53,100"
COF,Capital One Financial Corporation,Finance,"              51,985"
PNC,"PNC Financial Services Group, Inc. (The)",Finance,"              51,257"
HPQ,HP Inc.,Electronic Technology,"              51,000"
IPG,"Interpublic Group of Companies, Inc. (The)",Commercial Services,"              50,200"
GLW,Corning Incorporated,Electronic Technology,"              50,110"
AON,Aon plc,Finance,"              50,000"
BAX,Baxter International Inc.,Health Technology,"              50,000"
GPC,Genuine Parts Company,Distribution Services,"              50,000"
WRK,Westrock Company,Process Industries,"              49,900"
BWA,BorgWarner Inc.,Producer Manufacturing,"              49,700"
HUM,Humana Inc.,Health Services,"              49,600"
IP,International Paper Company,Process Industries,"              49,300"
DGX,Quest Diagnostics Incorporated,Health Services,"              49,000"
BK,The Bank of New York Mellon Corporation,Finance,"              48,500"
WM,"Waste Management, Inc.",Industrial Services,"              48,250"
LHX,"L3Harris Technologies, Inc.",Electronic Technology,"              48,000"
CVX,Chevron Corporation,Energy Minerals,"              47,736"
CAH,"Cardinal Health, Inc.",Distribution Services,"              47,300"
ABBV,AbbVie Inc.,Health Technology,"              47,000"
PPG,"PPG Industries, Inc.",Process Industries,"              46,900"
MET,"MetLife, Inc.",Finance,"              46,500"
WLTW,Willis Towers Watson Public Limited Company,Finance,"              46,100"
AMCR,Amcor plc,Process Industries,"              46,000"
KMB,Kimberly-Clark Corporation,Consumer Non-Durables,"              46,000"
LVS,Las Vegas Sands Corp.,Consumer Services,"              46,000"
AIG,"American International Group, Inc. New",Finance,"              45,000"
QCOM,QUALCOMM Incorporated,Electronic Technology,"              45,000"
VTRS,Viatris Inc.,Health Technology,"              45,000"
ECL,Ecolab Inc.,Process Industries,"              44,000"
FISV,"Fiserv, Inc.",Technology Services,"              44,000"
LKQ,LKQ Corporation,Consumer Durables,"              44,000"
PGR,Progressive Corporation (The),Finance,"              43,326"
ITW,Illinois Tool Works Inc.,Producer Manufacturing,"              43,000"
MU,"Micron Technology, Inc.",Electronic Technology,"              43,000"
NLSN,Nielsen N.V.,Commercial Services,"              43,000"
SYK,Stryker Corporation,Health Technology,"              43,000"
TSCO,Tractor Supply Company,Retail Trade,"              42,500"
ALL,Allstate Corporation (The),Finance,"              42,160"
ABC,AmerisourceBergen Corporation,Distribution Services,"              42,000"
HII,"Huntington Ingalls Industries, Inc.",Electronic Technology,"              42,000"
MGM,MGM Resorts International,Consumer Services,"              42,000"
MHK,"Mohawk Industries, Inc.",Consumer Durables,"              42,000"
PRU,"Prudential Financial, Inc.",Finance,"              41,671"
EPAM,"EPAM Systems, Inc.",Technology Services,"              41,168"
GS,"Goldman Sachs Group, Inc. (The)",Finance,"              40,500"
CTAS,Cintas Corporation,Consumer Services,"              40,000"
HAL,Halliburton Company,Industrial Services,"              40,000"
STX,Seagate Technology Holdings PLC,Electronic Technology,"              40,000"
VFC,V.F. Corporation,Consumer Non-Durables,"              40,000"
STT,State Street Corporation,Finance,"              39,439"
ADM,Archer-Daniels-Midland Company,Process Industries,"              39,088"
LDOS,"Leidos Holdings, Inc.",Technology Services,"              39,000"
LUMN,"Lumen Technologies, Inc.",Communications,"              39,000"
BSX,Boston Scientific Corporation,Health Technology,"              38,000"
KHC,The Kraft Heinz Company,Consumer Non-Durables,"              38,000"
YUM,"Yum! Brands, Inc.",Consumer Services,"              38,000"
ULTA,"Ulta Beauty, Inc.",Retail Trade,"              37,000"
PWR,"Quanta Services, Inc.",Industrial Services,"              35,800"
DOW,Dow Inc.,Process Industries,"              35,700"
LLY,Eli Lilly and Company,Health Technology,"              35,000"
GIS,"General Mills, Inc.",Consumer Non-Durables,"              35,000"
RSG,"Republic Services, Inc.",Industrial Services,"              35,000"
TT,Trane Technologies plc,Producer Manufacturing,"              35,000"
NCLH,Norwegian Cruise Line Holdings Ltd.,Consumer Services,"              34,300"
CL,Colgate-Palmolive Company,Consumer Non-Durables,"              34,200"
DD,"DuPont de Nemours, Inc.",Process Industries,"              34,000"
PVH,PVH Corp.,Consumer Non-Durables,"              33,000"
TXT,Textron Inc.,Electronic Technology,"              33,000"
AJG,Arthur J. Gallagher & Co.,Finance,"              32,401"
EXC,Exelon Corporation,Utilities,"              32,340"
AVY,Avery Dennison Corporation,Process Industries,"              32,000"
SCHW,Charles Schwab Corporation (The),Finance,"              32,000"
CB,Chubb Limited,Finance,"              31,000"
K,Kellogg Company,Consumer Non-Durables,"              31,000"
NWL,Newell Brands Inc.,Producer Manufacturing,"              31,000"
UNP,Union Pacific Corporation,Transportation,"              30,960"
TRV,"The Travelers Companies, Inc.",Finance,"              30,600"
JBHT,"J.B. Hunt Transport Services, Inc.",Transportation,"              30,309"
BMY,Bristol-Myers Squibb Company,Health Technology,"              30,250"
TXN,Texas Instruments Incorporated,Electronic Technology,"              30,000"
NXPI,NXP Semiconductors N.V.,Electronic Technology,"              29,000"
NEM,Newmont Corporation,Non-Energy Minerals,"              27,800"
SO,Southern Company (The),Utilities,"              27,700"
DUK,Duke Energy Corporation (Holding Company),Utilities,"              27,535"
FBHS,"Fortune Brands Home & Security, Inc.",Producer Manufacturing,"              27,500"
WYNN,"Wynn Resorts, Limited",Consumer Services,"              27,500"
AMAT,"Applied Materials, Inc.",Producer Manufacturing,"              27,000"
WAB,Westinghouse Air Brake Technologies Corporation,Producer Manufacturing,"              27,000"
KMX,CarMax Inc,Retail Trade,"              26,889"
PYPL,"PayPal Holdings, Inc.",Technology Services,"              26,500"
CERN,Cerner Corporation,Technology Services,"              26,400"
NUE,Nucor Corporation,Non-Energy Minerals,"              26,400"
PCAR,PACCAR Inc.,Producer Manufacturing,"              26,000"
ADI,"Analog Devices, Inc.",Electronic Technology,"              24,700"
FCX,"Freeport-McMoRan, Inc.",Non-Energy Minerals,"              24,500"
ROK,"Rockwell Automation, Inc.",Producer Manufacturing,"              24,500"
AMGN,Amgen Inc.,Health Technology,"              24,300"
GPN,Global Payments Inc.,Technology Services,"              24,000"
IRM,Iron Mountain Incorporated (Delaware),Finance,"              24,000"
NWSA,News Corporation,Consumer Services,"              24,000"
NWS,News Corporation,Consumer Services,"              24,000"
GWW,"W.W. Grainger, Inc.",Distribution Services,"              23,100"
DOV,Dover Corporation,Producer Manufacturing,"              23,000"
SPGI,S&P Global Inc.,Commercial Services,"              23,000"
VIAC,ViacomCBS Inc.,Consumer Services,"              22,109"
ALK,"Alaska Air Group, Inc.",Transportation,"              21,997"
BLL,Ball Corporation,Process Industries,"              21,500"
V,Visa Inc.,Finance,"              21,500"
CZR,"Caesars Entertainment, Inc.",Consumer Services,"              21,000"
CTVA,"Corteva, Inc.",Process Industries,"              21,000"
MA,Mastercard Incorporated,Finance,"              21,000"
NTRS,Northern Trust Corporation,Finance,"              20,900"
APD,"Air Products and Chemicals, Inc.",Process Industries,"              20,875"
FAST,Fastenal Company,Distribution Services,"              20,365"
BKNG,Booking Holdings Inc. Common Stock,Consumer Services,"              20,300"
RL,Ralph Lauren Corporation,Retail Trade,"              20,300"
RJF,"Raymond James Financial, Inc.",Finance,"              20,021"
AVGO,Broadcom Inc.,Electronic Technology,"              20,000"
HRL,Hormel Foods Corporation,Consumer Non-Durables,"              20,000"
ZBH,"Zimmer Biomet Holdings, Inc.",Health Technology,"              20,000"
FITB,Fifth Third Bancorp,Finance,"              19,872"
ODFL,"Old Dominion Freight Line, Inc.",Transportation,"              19,779"
HWM,Howmet Aerospace Inc.,Electronic Technology,"              19,700"
MCHP,Microchip Technology Incorporated,Electronic Technology,"              19,500"
RF,Regions Financial Corporation,Finance,"              19,406"
CSX,CSX Corporation,Transportation,"              19,300"
LYB,LyondellBasell Industries NV,Process Industries,"              19,200"
EXPE,"Expedia Group, Inc.",Consumer Services,"              19,100"
HSIC,"Henry Schein, Inc.",Distribution Services,"              19,000"
NVDA,NVIDIA Corporation,Electronic Technology,"              18,975"
CAG,"ConAgra Brands, Inc.",Consumer Non-Durables,"              18,600"
HIG,"Hartford Financial Services Group, Inc. (The)",Finance,"              18,500"
CRL,"Charles River Laboratories International, Inc.",Commercial Services,"              18,400"
ROP,"Roper Technologies, Inc.",Technology Services,"              18,400"
PENN,"Penn National Gaming, Inc.",Consumer Services,"              18,321"
URI,"United Rentals, Inc.",Finance,"              18,250"
ALGN,"Align Technology, Inc.",Health Technology,"              18,070"
MAS,Masco Corporation,Producer Manufacturing,"              18,000"
MSI,"Motorola Solutions, Inc.",Electronic Technology,"              18,000"
DFS,Discover Financial Services,Finance,"              17,600"
CFG,"Citizens Financial Group, Inc.",Finance,"              17,584"
EXPD,"Expeditors International of Washington, Inc.",Transportation,"              17,480"
PFG,Principal Financial Group Inc,Finance,"              17,400"
CTLT,"Catalent, Inc.",Health Technology,"              17,300"
D,"Dominion Energy, Inc.",Utilities,"              17,300"
MTB,M&T Bank Corporation,Finance,"              17,076"
A,"Agilent Technologies, Inc.",Health Technology,"              17,000"
FTV,Fortive Corporation,Electronic Technology,"              17,000"
TAP,Molson Coors Beverage Company,Consumer Non-Durables,"              17,000"
HSY,The Hershey Company,Consumer Non-Durables,"              16,880"
AEP,"American Electric Power Company, Inc.",Utilities,"              16,787"
XYL,Xylem Inc.,Producer Manufacturing,"              16,700"
UAA,"Under Armour, Inc.",Consumer Non-Durables,"              16,600"
UA,"Under Armour, Inc.",Consumer Non-Durables,"              16,600"
AME,"AMETEK, Inc.",Producer Manufacturing,"              16,500"
BLK,"BlackRock, Inc.",Finance,"              16,500"
MTD,"Mettler-Toledo International, Inc.",Health Technology,"              16,500"
SEE,Sealed Air Corporation,Process Industries,"              16,500"
SYF,Synchrony Financial,Finance,"              16,500"
TPR,"Tapestry, Inc.",Retail Trade,"              16,400"
SNPS,"Synopsys, Inc.",Technology Services,"              16,361"
GRMN,Garmin Ltd.,Electronic Technology,"              16,000"
INFO,IHS Markit Ltd.,Technology Services,"              16,000"
IR,Ingersoll Rand Inc.,Producer Manufacturing,"              15,900"
ROL,"Rollins, Inc.",Consumer Services,"              15,616"
IT,"Gartner, Inc.",Technology Services,"              15,600"
PKG,Packaging Corporation of America,Process Industries,"              15,200"
XRAY,DENTSPLY SIRONA Inc.,Health Technology,"              15,000"
PAYX,"Paychex, Inc.",Technology Services,"              15,000"
EW,Edwards Lifesciences Corporation,Health Technology,"              14,900"
CHRW,"C.H. Robinson Worldwide, Inc.",Transportation,"              14,888"
SRE,DBA Sempra,Utilities,"              14,706"
EMN,Eastman Chemical Company,Process Industries,"              14,500"
DPZ,Domino’s Pizza Inc,Consumer Services,"              14,400"
KEYS,Keysight Technologies Inc.,Electronic Technology,"              14,300"
PSX,Phillips 66,Energy Minerals,"              14,300"
AIZ,"Assurant, Inc.",Finance,"              14,100"
CPB,Campbell Soup Company,Consumer Non-Durables,"              14,100"
LRCX,Lam Research Corporation,Electronic Technology,"              14,100"
ED,"Consolidated Edison, Inc.",Utilities,"              14,071"
PKI,"PerkinElmer, Inc.",Health Technology,"              14,000"
TFX,Teleflex Incorporated,Health Technology,"              14,000"
AOS,A.O. Smith Corporation,Producer Manufacturing,"              13,900"
NEE,"NextEra Energy, Inc.",Utilities,"              13,800"
BR,"Broadridge Financial Solutions, Inc.",Technology Services,"              13,704"
IFF,"International Flavors & Fragrances, Inc.",Consumer Non-Durables,"              13,700"
GILD,"Gilead Sciences, Inc.",Health Technology,"              13,600"
DISH,DISH Network Corporation,Consumer Services,"              13,500"
INTU,Intuit Inc.,Technology Services,"              13,500"
ETR,Entergy Corporation,Utilities,"              13,400"
EIX,Edison International,Utilities,"              13,351"
TDG,Transdigm Group Inc.,Electronic Technology,"              13,300"
NOW,"ServiceNow, Inc.",Technology Services,"              13,096"
MKC,"McCormick & Company, Incorporated",Consumer Non-Durables,"              13,000"
STE,STERIS plc (Ireland),Health Technology,"              13,000"
CNP,"CenterPoint Energy, Inc (Holding Co)",Utilities,"              12,984"
PEG,Public Service Enterprise Group Incorporated,Utilities,"              12,788"
EBAY,eBay Inc.,Retail Trade,"              12,700"
MOS,Mosaic Company (The),Process Industries,"              12,617"
AMD,"Advanced Micro Devices, Inc.",Electronic Technology,"              12,600"
PPL,PPL Corporation,Utilities,"              12,318"
AMP,"Ameriprise Financial, Inc.",Finance,"              12,300"
SNA,Snap-On Incorporated,Consumer Durables,"              12,300"
L,Loews Corporation,Finance,"              12,200"
FE,FirstEnergy Corp.,Utilities,"              12,153"
AFL,AFLAC Incorporated,Finance,"              12,003"
COO,"The Cooper Companies, Inc.",Health Technology,"              12,000"
OXY,Occidental Petroleum Corporation,Energy Minerals,"              11,800"
DHI,"D.R. Horton, Inc.",Consumer Durables,"              11,788"
ALLE,Allegion plc,Producer Manufacturing,"              11,500"
ADSK,"Autodesk, Inc.",Technology Services,"              11,500"
MCO,Moody’s Corporation,Commercial Services,"              11,490"
TRMB,Trimble Inc.,Electronic Technology,"              11,402"
EFX,"Equifax, Inc.",Commercial Services,"              11,400"
XEL,Xcel Energy Inc.,Utilities,"              11,367"
KLAC,KLA Corporation,Electronic Technology,"              11,300"
ZTS,Zoetis Inc.,Health Technology,"              11,300"
EA,Electronic Arts Inc.,Consumer Durables,"              11,000"
NTAP,"NetApp, Inc.",Electronic Technology,"              11,000"
SWKS,"Skyworks Solutions, Inc.",Electronic Technology,"              11,000"
LNC,Lincoln National Corporation,Finance,"              10,966"
FDS,FactSet Research Systems Inc.,Technology Services,"              10,892"
BRO,"Brown & Brown, Inc.",Finance,"              10,843"
TDY,Teledyne Technologies Incorporated,Electronic Technology,"              10,670"
DTE,DTE Energy Company,Utilities,"              10,600"
KMI,"Kinder Morgan, Inc.",Industrial Services,"              10,524"
BEN,"Franklin Resources, Inc.",Finance,"              10,300"
EQIX,"Equinix, Inc.",Finance,"              10,013"
CDW,CDW Corporation,Technology Services,"              10,000"
VLO,Valero Energy Corporation,Energy Minerals,"                9,964"
JNPR,"Juniper Networks, Inc.",Technology Services,"                9,950"
OGN,Organon & Co.,Health Technology,"                9,950"
DISCA,"Discovery, Inc. – Series A",Consumer Services,"                9,800"
DISCK,"Discovery, Inc. – Series C",Consumer Services,"                9,800"
PNR,Pentair plc.,Producer Manufacturing,"                9,750"
COP,ConocoPhillips,Energy Minerals,"                9,700"
ZION,Zions Bancorporation N.A.,Finance,"                9,678"
ATVI,"Activision Blizzard, Inc",Consumer Durables,"                9,500"
NFLX,"Netflix, Inc.",Technology Services,"                9,400"
WY,Weyerhaeuser Company,Finance,"                9,372"
CMS,CMS Energy Corporation,Utilities,"                9,345"
STZ,"Constellation Brands, Inc.",Consumer Non-Durables,"                9,300"
IDXX,"IDEXX Laboratories, Inc.",Health Technology,"                9,300"
ES,Eversource Energy (D/B/A),Utilities,"                9,299"
WST,"West Pharmaceutical Services, Inc.",Health Technology,"                9,200"
AEE,Ameren Corporation,Utilities,"                9,183"
REGN,"Regeneron Pharmaceuticals, Inc.",Health Technology,"                9,123"
BIIB,Biogen Inc.,Health Technology,"                9,100"
CTXS,"Citrix Systems, Inc.",Technology Services,"                9,000"
CLX,Clorox Company (The),Consumer Non-Durables,"                9,000"
FOX,Fox Corporation,Consumer Services,"                9,000"
FOXA,Fox Corporation,Consumer Services,"                9,000"
VRSK,"Verisk Analytics, Inc.",Technology Services,"                8,960"
ICE,Intercontinental Exchange Inc.,Finance,"                8,890"
CDNS,"Cadence Design Systems, Inc.",Technology Services,"                8,800"
ZBRA,Zebra Technologies Corporation,Electronic Technology,"                8,800"
MLM,"Martin Marietta Materials, Inc.",Non-Energy Minerals,"                8,700"
CPRT,"Copart, Inc.",Commercial Services,"                8,600"
IVZ,Invesco Ltd,Finance,"                8,512"
VMC,Vulcan Materials Company (Holding Company),Non-Energy Minerals,"                8,431"
FLT,"FleetCor Technologies, Inc.",Commercial Services,"                8,400"
QRVO,"Qorvo, Inc.",Electronic Technology,"                8,400"
AKAM,"Akamai Technologies, Inc.",Technology Services,"                8,368"
FTNT,"Fortinet, Inc.",Electronic Technology,"                8,238"
LYV,"Live Nation Entertainment, Inc.",Consumer Services,"                8,200"
AES,The AES Corporation,Utilities,"                8,200"
ISRG,"Intuitive Surgical, Inc.",Health Technology,"                8,081"
BIO,"Bio-Rad Laboratories, Inc.",Health Technology,"                8,000"
RMD,ResMed Inc.,Health Technology,"                7,970"
CMA,Comerica Incorporated,Finance,"                7,870"
ILMN,"Illumina, Inc.",Health Technology,"                7,800"
LW,"Lamb Weston Holdings, Inc.",Consumer Non-Durables,"                7,800"
TROW,"T. Rowe Price Group, Inc.",Finance,"                7,678"
CE,Celanese Corporation Celanese Corporation,Process Industries,"                7,658"
WRB,W.R. Berkley Corporation,Finance,"                7,495"
WAT,Waters Corporation,Health Technology,"                7,400"
NI,NiSource Inc,Utilities,"                7,389"
WEC,"WEC Energy Group, Inc.",Utilities,"                7,273"
MO,"Altria Group, Inc.",Consumer Non-Durables,"                7,100"
SJM,J.M. Smucker Company (The) New,Consumer Non-Durables,"                7,100"
IEX,IDEX Corporation,Producer Manufacturing,"                7,075"
AWK,"American Water Works Company, Inc.",Utilities,"                7,000"
HAS,"Hasbro, Inc.",Consumer Durables,"                6,822"
GNRC,Generac Holdlings Inc.,Producer Manufacturing,"                6,797"
JKHY,"Jack Henry & Associates, Inc.",Technology Services,"                6,714"
PTC,PTC Inc.,Technology Services,"                6,709"
HOLX,"Hologic, Inc.",Health Technology,"                6,705"
TTWO,"Take-Two Interactive Software, Inc.",Consumer Durables,"                6,495"
FFIV,"F5, Inc.",Electronic Technology,"                6,461"
DXCM,"DexCom, Inc.",Health Technology,"                6,400"
FMC,FMC Corporation,Process Industries,"                6,400"
NVR,"NVR, Inc.",Consumer Durables,"                6,100"
IPGP,IPG Photonics Corporation,Electronic Technology,"                6,060"
PBCT,People’s,Finance,"                5,987"
CDAY,Ceridian HCM Holding Inc.,Technology Services,"                5,974"
ALB,Albemarle Corporation,Process Industries,"                5,900"
AMT,American Tower Corporation (REIT),Finance,"                5,618"
TER,"Teradyne, Inc.",Electronic Technology,"                5,500"
TWTR,"Twitter, Inc.",Technology Services,"                5,500"
TYL,"Tyler Technologies, Inc.",Technology Services,"                5,500"
FRC,FIRST REPUBLIC BANK,Finance,"                5,483"
PSA,Public Storage,Finance,"                5,400"
CINF,Cincinnati Financial Corporation,Finance,"                5,266"
PHM,"PulteGroup, Inc.",Consumer Durables,"                5,249"
EVRG,"Evergy, Inc.",Utilities,"                5,133"
CHD,"Church & Dwight Company, Inc.",Consumer Non-Durables,"                5,100"
CCI,Crown Castle International Corp. (REIT),Finance,"                4,900"
XLNX,"Xilinx, Inc.",Electronic Technology,"                4,890"
NDAQ,"Nasdaq, Inc.",Finance,"                4,830"
ANSS,"ANSYS, Inc.",Technology Services,"                4,800"
WMB,"Williams Companies, Inc. (The)",Industrial Services,"                4,739"
BF.B,Brown Forman Inc,Consumer Non-Durables,"                4,700"
ATO,Atmos Energy Corporation,Utilities,"                4,684"
POOL,Pool Corporation,Distribution Services,"                4,500"
SIVB,SVB Financial Group,Finance,"                4,461"
CME,CME Group Inc.,Finance,"                4,370"
PAYC,"Paycom Software, Inc.",Technology Services,"                4,218"
NRG,"NRG Energy, Inc.",Utilities,"                4,104"
EXR,Extra Space Storage Inc,Finance,"                4,013"
MNST,Monster Beverage Corporation,Consumer Non-Durables,"                3,666"
MSCI,MSCI Inc,Technology Services,"                3,633"
VRTX,Vertex Pharmaceuticals Incorporated,Health Technology,"                3,400"
LNT,Alliant Energy Corporation,Utilities,"                3,375"
SPG,"Simon Property Group, Inc.",Finance,"                3,300"
GL,Globe Life Inc.,Finance,"                3,261"
SEDG,"SolarEdge Technologies, Inc.",Producer Manufacturing,"                3,174"
AVB,"AvalonBay Communities, Inc.",Finance,"                3,090"
CF,"CF Industries Holdings, Inc.",Process Industries,"                3,000"
EOG,"EOG Resources, Inc.",Energy Minerals,"                2,900"
VNO,Vornado Realty Trust,Finance,"                2,899"
OKE,"ONEOK, Inc.",Industrial Services,"                2,886"
DLR,"Digital Realty Trust, Inc.",Finance,"                2,878"
NLOK,NortonLifeLock Inc.,Technology Services,"                2,800"
ANET,"Arista Networks, Inc.",Electronic Technology,"                2,613"
TECH,Bio-Techne Corp,Health Technology,"                2,600"
EQR,Equity Residential,Finance,"                2,600"
MAA,"Mid-America Apartment Communities, Inc.",Finance,"                2,530"
APA,APA Corporation,Energy Minerals,"                2,272"
MPWR,"Monolithic Power Systems, Inc.",Electronic Technology,"                2,209"
PLD,"Prologis, Inc.",Finance,"                1,945"
MTCH,"Match Group, Inc.",Technology Services,"                1,900"
PXD,Pioneer Natural Resources Company,Energy Minerals,"                1,853"
ESS,"Essex Property Trust, Inc.",Finance,"                1,799"
INCY,Incyte Corporation,Health Technology,"                1,773"
RE,"Everest Re Group, Ltd.",Finance,"                1,746"
ABMD,"ABIOMED, Inc.",Health Technology,"                1,725"
MRO,Marathon Oil Corporation,Energy Minerals,"                1,672"
SBNY,Signature Bank,Finance,"                1,652"
HES,Hess Corporation,Energy Minerals,"                1,621"
SBAC,SBA Communications Corporation,Finance,"                1,483"
ETSY,"Etsy, Inc.",Retail Trade,"                1,414"
DVN,Devon Energy Corporation,Energy Minerals,"                1,400"
MRNA,"Moderna, Inc.",Health Technology,"                1,300"
UDR,"UDR, Inc.",Finance,"                1,271"
CBOE,"Cboe Global Markets, Inc.",Finance,"                1,010"
VRSN,"VeriSign, Inc.",Technology Services,                   909
ENPH,"Enphase Energy, Inc.",Electronic Technology,                   850
BXP,"Boston Properties, Inc.",Finance,                   750
FANG,"Diamondback Energy, Inc. – Commmon Stock",Energy Minerals,                   732
MKTX,"MarketAxess Holdings, Inc.",Finance,                   606
CTRA,Coterra Energy Inc.,Energy Minerals,                   503
KIM,Kimco Realty Corporation,Finance,                   484
ARE,"Alexandria Real Estate Equities, Inc.",Finance,                   470
VTR,"Ventas, Inc.",Finance,                   448
REG,Regency Centers Corporation,Finance,                   431
WELL,Welltower Inc.,Finance,                   423
DRE,Duke Realty Corporation,Finance,                   350
FRT,Federal Realty Investment Trust,Finance,                   307
PEAK,"Healthpeak Properties, Inc.",Finance,                   217
O,Realty Income Corporation,Finance,                   210
HST,Host Hotels,Finance,                   163
PNW,Pinnacle West Capital Corporation,Utilities,                     88
